201780044,Leonardo Martinez,leo1234
201709018,Cristian Suy,cris1234
201403877,Ebany Larios,qwerty12
114235508,Mitch,Celand,PSJt8Y
344131178,Jasun,Lehr,jDNQtLIh
209465987,Benjamen,Reburn,30d3HKE009
058574068,Wat,Abyss,X8knlGDJn7G
197893056,Jodee,Woodwind,UPT12OfTT
276332176,Deirdre,McCalum,DOjqPGYdIB
998813287,Kellina,Webland,yk7eZH
829847695,Kendal,Boutwell,KpQsMCb
556712561,Redford,Cobden,JnpTpom
048081774,Homere,MacRury,jOeeNJtH8
497601640,Kimble,Otley,0k2gm1sI
999619820,Samara,Trytsman,HcMDAbc
765105487,Shari,Ibbetson,1QQaykx
400473933,Tatiana,Levins,orqnmoChV
880963537,Leon,Smallcombe,z8VTMMg5nb
053519285,Dillon,Wallsworth,qcCxlKZQprQ
982257979,Meg,Wormstone,nrPaMNu
930105679,Davidde,Dreher,9keRmaj8oFG
145704489,Lefty,McKechnie,jI4OQrQxuK
088811230,Isadora,Pherps,wQnNHJDR
259515788,Vi,Lorkings,BGdQ3oau51Wt
563266470,Francoise,Franz,UNlX8JIF
126996904,Florry,Syder,CZt5T4Y3B
280663133,Maje,Pepperrall,F0HC7pPsnkI
077646543,Jasen,Kienl,6gMKAvbGZ